model,r2,mae,rmse,is_best
LinearRegression,0.8025186993436835,431.63138028780895,567.3516784854407,False
Ridge,0.8025129690830093,431.4393074720953,567.359909769662,False
Lasso,0.8025190259390624,431.6307505833445,567.351209340989,False
SVR,0.17180597924902685,784.2255956533551,1161.8642796155693,False
RandomForest,0.8454557123088261,383.3572636815921,501.8984253968501,True
XGBoost,0.8315591985838304,402.04498154369753,523.9779411836902,False
